Campaign,Ad Group,Keyword,Match Type
Aagman Waitlist - Search,Stock Screener,stock screener,Exact
Aagman Waitlist - Search,Stock Screener,stock screener free,Exact
Aagman Waitlist - Search,Stock Screener,best stock screener india,Exact
Aagman Waitlist - Search,Stock Screener,screener for indian stocks,Phrase
Aagman Waitlist - Search,Stock Screener,NSE screener,Phrase
Aagman Waitlist - Search,Stock Screener,mutual fund screener,Phrase
Aagman Waitlist - Search,Stock Screener,breakout stocks screener,Phrase
Aagman Waitlist - Search,Options Strategy,options strategy builder,Exact
Aagman Waitlist - Search,Options Strategy,free option strategy builder,Exact
Aagman Waitlist - Search,Options Strategy,straddle strategy,Phrase
Aagman Waitlist - Search,Options Strategy,iron condor strategy,Phrase
Aagman Waitlist - Search,Options Strategy,strangle option strategy,Phrase
Aagman Waitlist - Search,Options Strategy,options strategy,Phrase
Aagman Waitlist - Search,Backtest,backtest trading strategy,Exact
Aagman Waitlist - Search,Backtest,backtesting,Exact
Aagman Waitlist - Search,Backtest,free backtest software,Exact
Aagman Waitlist - Search,Backtest,backtesting trading,Phrase
Aagman Waitlist - Search,Backtest,backtest options strategy,Phrase
Aagman Waitlist - Search,Backtest,how do i backtest a trading strategy,Phrase
Aagman Waitlist - Search,Algo Trading,algo trading zerodha,Exact
Aagman Waitlist - Search,Algo Trading,algo trading software,Exact
Aagman Waitlist - Search,Algo Trading,best algo trading software india,Exact
Aagman Waitlist - Search,Algo Trading,algorithmic trading software,Phrase
Aagman Waitlist - Search,Algo Trading,algo trading app,Phrase
